{"1":0.121761658,"2":0.1158445441,"3":0.1559917355,"4":0.1191709845,"5":0.1173380035,"6":0.0567729084,"7":0.0,"None":0.1385542169}