{"arrest_made":{"1":200,"2":254,"3":113,"4":149,"5":60,"6":186,"7":0,"None":23},"citation_issued":{"1":207,"2":209,"3":256,"4":181,"5":111,"6":84,"7":1,"None":16},"warning_issued":{"1":141,"2":155,"3":151,"4":138,"5":67,"6":57,"7":0,"None":23},"counts":{"1":1158,"2":1338,"3":968,"4":1158,"5":571,"6":1004,"7":2,"None":166},"arrest%":{"1":0.1727115717,"2":0.1898355755,"3":0.1167355372,"4":0.1286701209,"5":0.1050788091,"6":0.1852589641,"7":0.0,"None":0.1385542169}}